true_label,bonafide_prob,spoof_prob,predicted_label
spoof,0.7415707111358643,0.25842928886413574,bonafide
spoof,0.052145566791296005,0.947854433208704,spoof
spoof,0.7074540257453918,0.29254597425460815,bonafide
spoof,0.5540820360183716,0.4459179639816284,bonafide
spoof,0.47699958086013794,0.5230004191398621,spoof
spoof,0.7626679539680481,0.2373320460319519,bonafide
spoof,0.47699958086013794,0.5230004191398621,spoof
spoof,0.16182522475719452,0.8381747752428055,spoof
spoof,0.02919619530439377,0.9708038046956062,spoof
bonafide,0.7395958304405212,0.26040416955947876,bonafide
spoof,0.057525843381881714,0.9424741566181183,spoof
bonafide,0.47699958086013794,0.5230004191398621,spoof
spoof,0.05062837898731232,0.9493716210126877,spoof
spoof,0.7383762001991272,0.2616237998008728,bonafide
spoof,0.2682175934314728,0.7317824065685272,spoof
spoof,0.04319898039102554,0.9568010196089745,spoof
spoof,0.030100524425506592,0.9698994755744934,spoof
spoof,0.08644422143697739,0.9135557785630226,spoof
spoof,0.051681339740753174,0.9483186602592468,spoof
spoof,0.17803144454956055,0.8219685554504395,spoof
spoof,0.046062368899583817,0.9539376311004162,spoof
spoof,0.03458621725440025,0.9654137827455997,spoof
spoof,0.7096136808395386,0.2903863191604614,bonafide
spoof,0.47699958086013794,0.5230004191398621,spoof
spoof,0.6634055376052856,0.33659446239471436,bonafide
spoof,0.6875702142715454,0.3124297857284546,bonafide
bonafide,0.5810237526893616,0.4189762473106384,bonafide
spoof,0.47699958086013794,0.5230004191398621,spoof
spoof,0.47699958086013794,0.5230004191398621,spoof
spoof,0.31628361344337463,0.6837163865566254,spoof
spoof,0.11073566228151321,0.8892643377184868,spoof
bonafide,0.6690597534179688,0.33094024658203125,bonafide
spoof,0.47699958086013794,0.5230004191398621,spoof
spoof,0.021946534514427185,0.9780534654855728,spoof
spoof,0.029696021229028702,0.9703039787709713,spoof
spoof,0.7470460534095764,0.2529539465904236,bonafide
spoof,0.47699958086013794,0.5230004191398621,spoof
spoof,0.2027183622121811,0.7972816377878189,spoof
spoof,0.05827125534415245,0.9417287446558475,spoof
bonafide,0.7992778420448303,0.20072215795516968,bonafide
spoof,0.04499281570315361,0.9550071842968464,spoof
bonafide,0.7309709787368774,0.26902902126312256,bonafide
spoof,0.15944933891296387,0.8405506610870361,spoof
spoof,0.47699958086013794,0.5230004191398621,spoof
spoof,0.47699958086013794,0.5230004191398621,spoof
spoof,0.47699958086013794,0.5230004191398621,spoof
spoof,0.47699958086013794,0.5230004191398621,spoof
spoof,0.08510895818471909,0.9148910418152809,spoof
spoof,0.40028148889541626,0.5997185111045837,spoof
spoof,0.47699958086013794,0.5230004191398621,spoof
spoof,0.47699958086013794,0.5230004191398621,spoof
spoof,0.47699958086013794,0.5230004191398621,spoof
spoof,0.03345921263098717,0.9665407873690128,spoof
spoof,0.11504019796848297,0.884959802031517,spoof
bonafide,0.6911267638206482,0.3088732361793518,bonafide
bonafide,0.5541027188301086,0.44589728116989136,bonafide
spoof,0.13341917097568512,0.8665808290243149,spoof
bonafide,0.6229092478752136,0.3770907521247864,bonafide
spoof,0.47699958086013794,0.5230004191398621,spoof
spoof,0.47699958086013794,0.5230004191398621,spoof
spoof,0.7459439635276794,0.25405603647232056,bonafide
bonafide,0.7583760023117065,0.24162399768829346,bonafide
spoof,0.19226795434951782,0.8077320456504822,spoof
spoof,0.7416788935661316,0.2583211064338684,bonafide
spoof,0.129445418715477,0.870554581284523,spoof
spoof,0.47699958086013794,0.5230004191398621,spoof
spoof,0.47699958086013794,0.5230004191398621,spoof
spoof,0.47699958086013794,0.5230004191398621,spoof
bonafide,0.47699958086013794,0.5230004191398621,spoof
spoof,0.6913624405860901,0.3086375594139099,bonafide
bonafide,0.47699958086013794,0.5230004191398621,spoof
spoof,0.47699958086013794,0.5230004191398621,spoof
spoof,0.06627900898456573,0.9337209910154343,spoof
spoof,0.058208663016557693,0.9417913369834423,spoof
spoof,0.47699958086013794,0.5230004191398621,spoof
spoof,0.689201831817627,0.31079816818237305,bonafide
spoof,0.47699958086013794,0.5230004191398621,spoof
bonafide,0.47699958086013794,0.5230004191398621,spoof
spoof,0.09904123842716217,0.9009587615728378,spoof
spoof,0.47699958086013794,0.5230004191398621,spoof
spoof,0.47699958086013794,0.5230004191398621,spoof
bonafide,0.47699958086013794,0.5230004191398621,spoof
spoof,0.08145124465227127,0.9185487553477287,spoof
bonafide,0.6668285131454468,0.3331714868545532,bonafide
spoof,0.05039335787296295,0.949606642127037,spoof
spoof,0.03297337889671326,0.9670266211032867,spoof
spoof,0.04416593536734581,0.9558340646326542,spoof
spoof,0.38713154196739197,0.612868458032608,spoof
spoof,0.47699958086013794,0.5230004191398621,spoof
spoof,0.47699958086013794,0.5230004191398621,spoof
spoof,0.2788810431957245,0.7211189568042755,spoof
spoof,0.10899350047111511,0.8910064995288849,spoof
spoof,0.4691174030303955,0.5308825969696045,spoof
spoof,0.34408390522003174,0.6559160947799683,spoof
spoof,0.09047090262174606,0.9095290973782539,spoof
spoof,0.058948319405317307,0.9410516805946827,spoof
spoof,0.5501666069030762,0.44983339309692383,bonafide
bonafide,0.6752468347549438,0.32475316524505615,bonafide
bonafide,0.767855703830719,0.232144296169281,bonafide
spoof,0.04185369983315468,0.9581463001668453,spoof
spoof,0.47699958086013794,0.5230004191398621,spoof
spoof,0.2794359624385834,0.7205640375614166,spoof
spoof,0.029340364038944244,0.9706596359610558,spoof
spoof,0.6865696310997009,0.3134303689002991,bonafide
spoof,0.11228568106889725,0.8877143189311028,spoof
spoof,0.19480188190937042,0.8051981180906296,spoof
spoof,0.47699958086013794,0.5230004191398621,spoof
spoof,0.47699958086013794,0.5230004191398621,spoof
spoof,0.47699958086013794,0.5230004191398621,spoof
spoof,0.09015800803899765,0.9098419919610023,spoof
spoof,0.4357300102710724,0.5642699897289276,spoof
spoof,0.028705868870019913,0.9712941311299801,spoof
spoof,0.47699958086013794,0.5230004191398621,spoof
spoof,0.05048772692680359,0.9495122730731964,spoof
bonafide,0.47699958086013794,0.5230004191398621,spoof
spoof,0.47699958086013794,0.5230004191398621,spoof
spoof,0.7323970794677734,0.26760292053222656,bonafide
spoof,0.05220215767621994,0.9477978423237801,spoof
spoof,0.47699958086013794,0.5230004191398621,spoof
spoof,0.47699958086013794,0.5230004191398621,spoof
spoof,0.05360106751322746,0.9463989324867725,spoof
spoof,0.740369975566864,0.259630024433136,bonafide
spoof,0.47699958086013794,0.5230004191398621,spoof
spoof,0.7657602429389954,0.23423975706100464,bonafide
spoof,0.47699958086013794,0.5230004191398621,spoof
spoof,0.47699958086013794,0.5230004191398621,spoof
spoof,0.04836650192737579,0.9516334980726242,spoof
spoof,0.056198686361312866,0.9438013136386871,spoof
spoof,0.06001801788806915,0.9399819821119308,spoof
spoof,0.7590991258621216,0.24090087413787842,bonafide
spoof,0.1958279311656952,0.8041720688343048,spoof
spoof,0.04647548124194145,0.9535245187580585,spoof
spoof,0.47699958086013794,0.5230004191398621,spoof
spoof,0.05607065558433533,0.9439293444156647,spoof
spoof,0.15220950543880463,0.8477904945611954,spoof
bonafide,0.6290411949157715,0.3709588050842285,bonafide
bonafide,0.7112011909484863,0.28879880905151367,bonafide
spoof,0.6863653659820557,0.31363463401794434,bonafide
bonafide,0.7486137747764587,0.25138622522354126,bonafide
bonafide,0.7626643776893616,0.23733562231063843,bonafide
bonafide,0.47699958086013794,0.5230004191398621,spoof
spoof,0.47699958086013794,0.5230004191398621,spoof
spoof,0.7778136134147644,0.2221863865852356,bonafide
spoof,0.7480974793434143,0.2519025206565857,bonafide
spoof,0.08638865500688553,0.9136113449931145,spoof
spoof,0.7709925174713135,0.22900748252868652,bonafide
spoof,0.47699958086013794,0.5230004191398621,spoof
spoof,0.18643240630626678,0.8135675936937332,spoof
spoof,0.025209201499819756,0.9747907985001802,spoof
spoof,0.47699958086013794,0.5230004191398621,spoof
spoof,0.7404657602310181,0.25953423976898193,bonafide
spoof,0.13356968760490417,0.8664303123950958,spoof
spoof,0.04996677115559578,0.9500332288444042,spoof
spoof,0.47699958086013794,0.5230004191398621,spoof
spoof,0.045267075300216675,0.9547329246997833,spoof
spoof,0.47699958086013794,0.5230004191398621,spoof
spoof,0.1539948433637619,0.8460051566362381,spoof
spoof,0.6638334393501282,0.3361665606498718,bonafide
bonafide,0.5272172093391418,0.47278279066085815,spoof
spoof,0.035497333854436874,0.9645026661455631,spoof
spoof,0.3999074697494507,0.6000925302505493,spoof
spoof,0.35152846574783325,0.6484715342521667,spoof
spoof,0.16709862649440765,0.8329013735055923,spoof
spoof,0.0865759626030922,0.9134240373969078,spoof
spoof,0.05841450393199921,0.9415854960680008,spoof
spoof,0.045798636972904205,0.9542013630270958,spoof
spoof,0.6176958680152893,0.3823041319847107,bonafide
spoof,0.05108421668410301,0.948915783315897,spoof
spoof,0.7224305868148804,0.27756941318511963,bonafide
spoof,0.6595898270606995,0.34041017293930054,bonafide
spoof,0.47699958086013794,0.5230004191398621,spoof
spoof,0.47699958086013794,0.5230004191398621,spoof
bonafide,0.5090718865394592,0.49092811346054077,spoof
spoof,0.7108816504478455,0.28911834955215454,bonafide
spoof,0.47699958086013794,0.5230004191398621,spoof
spoof,0.09057033807039261,0.9094296619296074,spoof
spoof,0.47699958086013794,0.5230004191398621,spoof
spoof,0.2713078260421753,0.7286921739578247,spoof
spoof,0.7649078369140625,0.2350921630859375,bonafide
spoof,0.47699958086013794,0.5230004191398621,spoof
spoof,0.7101960182189941,0.28980398178100586,bonafide
spoof,0.39880064129829407,0.6011993587017059,spoof
spoof,0.19111210107803345,0.8088878989219666,spoof
spoof,0.47699958086013794,0.5230004191398621,spoof
spoof,0.394902765750885,0.605097234249115,spoof
bonafide,0.47699958086013794,0.5230004191398621,spoof
spoof,0.10535447299480438,0.8946455270051956,spoof
spoof,0.26053208112716675,0.7394679188728333,spoof
spoof,0.7672346830368042,0.2327653169631958,bonafide
spoof,0.7864270210266113,0.21357297897338867,bonafide
spoof,0.06925004720687866,0.9307499527931213,spoof
spoof,0.47699958086013794,0.5230004191398621,spoof
spoof,0.47699958086013794,0.5230004191398621,spoof
spoof,0.07552579045295715,0.9244742095470428,spoof
spoof,0.21025383472442627,0.7897461652755737,spoof
spoof,0.47699958086013794,0.5230004191398621,spoof
spoof,0.03234989196062088,0.9676501080393791,spoof
spoof,0.47699958086013794,0.5230004191398621,spoof
spoof,0.6877602934837341,0.31223970651626587,bonafide
bonafide,0.7035967111587524,0.29640328884124756,bonafide
bonafide,0.7299123406410217,0.27008765935897827,bonafide
spoof,0.05317926034331322,0.9468207396566868,spoof
spoof,0.007331136614084244,0.9926688633859158,spoof
spoof,0.47699958086013794,0.5230004191398621,spoof
spoof,0.044019684195518494,0.9559803158044815,spoof
spoof,0.47699958086013794,0.5230004191398621,spoof
spoof,0.6989163756370544,0.30108362436294556,bonafide
spoof,0.02173636108636856,0.9782636389136314,spoof
spoof,0.084853395819664,0.915146604180336,spoof
spoof,0.6651234030723572,0.3348765969276428,bonafide
bonafide,0.6874614357948303,0.3125385642051697,bonafide
bonafide,0.8253791332244873,0.1746208667755127,bonafide
spoof,0.027160100638866425,0.9728398993611336,spoof
spoof,0.33961212635040283,0.6603878736495972,spoof
spoof,0.09607668220996857,0.9039233177900314,spoof
spoof,0.047279100865125656,0.9527208991348743,spoof
spoof,0.47699958086013794,0.5230004191398621,spoof
spoof,0.03717522695660591,0.9628247730433941,spoof
spoof,0.47699958086013794,0.5230004191398621,spoof
spoof,0.16528257727622986,0.8347174227237701,spoof
spoof,0.47699958086013794,0.5230004191398621,spoof
spoof,0.47699958086013794,0.5230004191398621,spoof
spoof,0.7635117769241333,0.2364882230758667,bonafide
bonafide,0.47699958086013794,0.5230004191398621,spoof
spoof,0.47699958086013794,0.5230004191398621,spoof
bonafide,0.5615609288215637,0.4384390711784363,bonafide
spoof,0.47699958086013794,0.5230004191398621,spoof
spoof,0.6238114237785339,0.37618857622146606,bonafide
spoof,0.08675197511911392,0.9132480248808861,spoof
spoof,0.2450646162033081,0.7549353837966919,spoof
spoof,0.11726531386375427,0.8827346861362457,spoof
spoof,0.14941072463989258,0.8505892753601074,spoof
spoof,0.22654852271080017,0.7734514772891998,spoof
spoof,0.05417731776833534,0.9458226822316647,spoof
bonafide,0.6395877599716187,0.36041224002838135,bonafide
bonafide,0.7397332787513733,0.2602667212486267,bonafide
spoof,0.3689531981945038,0.6310468018054962,spoof
spoof,0.040831539779901505,0.9591684602200985,spoof
spoof,0.7868631482124329,0.21313685178756714,bonafide
spoof,0.7716519236564636,0.22834807634353638,bonafide
bonafide,0.7405211329460144,0.2594788670539856,bonafide
spoof,0.160094752907753,0.839905247092247,spoof
spoof,0.15579015016555786,0.8442098498344421,spoof
spoof,0.07350126653909683,0.9264987334609032,spoof
spoof,0.032280538231134415,0.9677194617688656,spoof
bonafide,0.787269115447998,0.21273088455200195,bonafide
spoof,0.295571506023407,0.704428493976593,spoof
bonafide,0.7608076930046082,0.23919230699539185,bonafide
bonafide,0.6890173554420471,0.3109826445579529,bonafide
spoof,0.47699958086013794,0.5230004191398621,spoof
bonafide,0.47699958086013794,0.5230004191398621,spoof
spoof,0.057751767337322235,0.9422482326626778,spoof
spoof,0.47699958086013794,0.5230004191398621,spoof
spoof,0.47699958086013794,0.5230004191398621,spoof
spoof,0.5380475521087646,0.46195244789123535,spoof
spoof,0.4924999475479126,0.5075000524520874,spoof
spoof,0.732879102230072,0.267120897769928,bonafide
spoof,0.05639185011386871,0.9436081498861313,spoof
spoof,0.47699958086013794,0.5230004191398621,spoof
bonafide,0.6566017866134644,0.34339821338653564,bonafide
spoof,0.09934046119451523,0.9006595388054848,spoof
spoof,0.47699958086013794,0.5230004191398621,spoof
bonafide,0.47699958086013794,0.5230004191398621,spoof
spoof,0.10752857476472855,0.8924714252352715,spoof
spoof,0.47699958086013794,0.5230004191398621,spoof
spoof,0.47699958086013794,0.5230004191398621,spoof
spoof,0.7080564498901367,0.2919435501098633,bonafide
spoof,0.117061547935009,0.882938452064991,spoof
spoof,0.47699958086013794,0.5230004191398621,spoof
spoof,0.11512812227010727,0.8848718777298927,spoof
spoof,0.11650797724723816,0.8834920227527618,spoof
bonafide,0.47699958086013794,0.5230004191398621,spoof
spoof,0.47699958086013794,0.5230004191398621,spoof
spoof,0.11518776416778564,0.8848122358322144,spoof
spoof,0.18434001505374908,0.8156599849462509,spoof
bonafide,0.47699958086013794,0.5230004191398621,spoof
spoof,0.1934838443994522,0.8065161556005478,spoof
spoof,0.47699958086013794,0.5230004191398621,spoof
bonafide,0.7668061852455139,0.23319381475448608,bonafide
spoof,0.062015872448682785,0.9379841275513172,spoof
spoof,0.27577534317970276,0.7242246568202972,spoof
spoof,0.04401073604822159,0.9559892639517784,spoof
spoof,0.47699958086013794,0.5230004191398621,spoof
spoof,0.36306366324424744,0.6369363367557526,spoof
spoof,0.47699958086013794,0.5230004191398621,spoof
spoof,0.04875928908586502,0.951240710914135,spoof
spoof,0.47699958086013794,0.5230004191398621,spoof
spoof,0.5601963996887207,0.4398036003112793,bonafide
spoof,0.47699958086013794,0.5230004191398621,spoof
spoof,0.7722153067588806,0.22778469324111938,bonafide
spoof,0.036374885588884354,0.9636251144111156,spoof
spoof,0.47699958086013794,0.5230004191398621,spoof
spoof,0.47699958086013794,0.5230004191398621,spoof
spoof,0.13737852871418,0.86262147128582,spoof
spoof,0.7219986319541931,0.2780013680458069,bonafide
spoof,0.06126327067613602,0.938736729323864,spoof
spoof,0.1612662672996521,0.8387337327003479,spoof
spoof,0.053229574114084244,0.9467704258859158,spoof
bonafide,0.47699958086013794,0.5230004191398621,spoof
spoof,0.7355719804763794,0.2644280195236206,bonafide
spoof,0.031380798667669296,0.9686192013323307,spoof
spoof,0.47699958086013794,0.5230004191398621,spoof
spoof,0.029752224683761597,0.9702477753162384,spoof
spoof,0.3075100779533386,0.6924899220466614,spoof
spoof,0.03551327809691429,0.9644867219030857,spoof
spoof,0.47699958086013794,0.5230004191398621,spoof
spoof,0.46162718534469604,0.538372814655304,spoof
spoof,0.7538869380950928,0.24611306190490723,bonafide
spoof,0.6018292307853699,0.3981707692146301,bonafide
spoof,0.2166961133480072,0.7833038866519928,spoof
spoof,0.47699958086013794,0.5230004191398621,spoof
spoof,0.13180936872959137,0.8681906312704086,spoof
spoof,0.03331252932548523,0.9666874706745148,spoof
spoof,0.060977257788181305,0.9390227422118187,spoof
spoof,0.05554544925689697,0.944454550743103,spoof
spoof,0.05011695995926857,0.9498830400407314,spoof
spoof,0.47699958086013794,0.5230004191398621,spoof
spoof,0.47699958086013794,0.5230004191398621,spoof
spoof,0.5552912354469299,0.44470876455307007,bonafide
spoof,0.04479207471013069,0.9552079252898693,spoof
bonafide,0.6424271464347839,0.35757285356521606,bonafide
spoof,0.47699958086013794,0.5230004191398621,spoof
spoof,0.0792616605758667,0.9207383394241333,spoof
spoof,0.04553832486271858,0.9544616751372814,spoof
spoof,0.47699958086013794,0.5230004191398621,spoof
spoof,0.7722083330154419,0.2277916669845581,bonafide
spoof,0.50200355052948,0.49799644947052,spoof
spoof,0.1278476119041443,0.8721523880958557,spoof
spoof,0.08448517322540283,0.9155148267745972,spoof
bonafide,0.7407036423683167,0.25929635763168335,bonafide
spoof,0.024766763672232628,0.9752332363277674,spoof
spoof,0.03246278315782547,0.9675372168421745,spoof
spoof,0.014679137617349625,0.9853208623826504,spoof
spoof,0.10517141968011856,0.8948285803198814,spoof
bonafide,0.7335493564605713,0.2664506435394287,bonafide
spoof,0.47699958086013794,0.5230004191398621,spoof
spoof,0.7291507124900818,0.2708492875099182,bonafide
spoof,0.6950538158416748,0.3049461841583252,bonafide
spoof,0.3491627871990204,0.6508372128009796,spoof
spoof,0.7266765832901001,0.2733234167098999,bonafide
spoof,0.047269392758607864,0.9527306072413921,spoof
spoof,0.7226473689079285,0.27735263109207153,bonafide
spoof,0.07086627930402756,0.9291337206959724,spoof
bonafide,0.6175557971000671,0.38244420289993286,bonafide
spoof,0.04109189659357071,0.9589081034064293,spoof
spoof,0.04216381534934044,0.9578361846506596,spoof
spoof,0.0710882917046547,0.9289117082953453,spoof
spoof,0.7145550847053528,0.2854449152946472,bonafide
bonafide,0.47699958086013794,0.5230004191398621,spoof
spoof,0.1089216098189354,0.8910783901810646,spoof
spoof,0.47699958086013794,0.5230004191398621,spoof
spoof,0.7565097212791443,0.2434902787208557,bonafide
spoof,0.47699958086013794,0.5230004191398621,spoof
bonafide,0.6415546536445618,0.35844534635543823,bonafide
spoof,0.7509018182754517,0.24909818172454834,bonafide
bonafide,0.47699958086013794,0.5230004191398621,spoof
spoof,0.47699958086013794,0.5230004191398621,spoof
spoof,0.19282890856266022,0.8071710914373398,spoof
spoof,0.31178751587867737,0.6882124841213226,spoof
bonafide,0.6977449655532837,0.3022550344467163,bonafide
spoof,0.5280030369758606,0.4719969630241394,spoof
spoof,0.7640963196754456,0.23590368032455444,bonafide
bonafide,0.748093843460083,0.251906156539917,bonafide
spoof,0.13475173711776733,0.8652482628822327,spoof
spoof,0.02547086961567402,0.974529130384326,spoof
bonafide,0.7292168736457825,0.27078312635421753,bonafide
spoof,0.47699958086013794,0.5230004191398621,spoof
spoof,0.6460898518562317,0.3539101481437683,bonafide
spoof,0.1424516886472702,0.8575483113527298,spoof
spoof,0.10221441835165024,0.8977855816483498,spoof
spoof,0.14769767224788666,0.8523023277521133,spoof
spoof,0.09909293055534363,0.9009070694446564,spoof
bonafide,0.3996804654598236,0.6003195345401764,spoof
spoof,0.19055670499801636,0.8094432950019836,spoof
bonafide,0.7689536213874817,0.2310463786125183,bonafide
spoof,0.08376109600067139,0.9162389039993286,spoof
spoof,0.05729707330465317,0.9427029266953468,spoof
bonafide,0.7135752439498901,0.28642475605010986,bonafide
spoof,0.14359129965305328,0.8564087003469467,spoof
spoof,0.03537113219499588,0.9646288678050041,spoof
spoof,0.47699958086013794,0.5230004191398621,spoof
spoof,0.20311659574508667,0.7968834042549133,spoof
spoof,0.1193561777472496,0.8806438222527504,spoof
spoof,0.03127119317650795,0.968728806823492,spoof
spoof,0.192771777510643,0.807228222489357,spoof
spoof,0.0686594620347023,0.9313405379652977,spoof
spoof,0.6121231317520142,0.38787686824798584,bonafide
bonafide,0.47699958086013794,0.5230004191398621,spoof
spoof,0.14127694070339203,0.858723059296608,spoof
spoof,0.033455848693847656,0.9665441513061523,spoof
spoof,0.47699958086013794,0.5230004191398621,spoof
bonafide,0.47699958086013794,0.5230004191398621,spoof
spoof,0.47699958086013794,0.5230004191398621,spoof
bonafide,0.5554485321044922,0.4445514678955078,bonafide
spoof,0.09596338123083115,0.9040366187691689,spoof
bonafide,0.738438606262207,0.26156139373779297,bonafide
spoof,0.2091706097126007,0.7908293902873993,spoof
spoof,0.11724893748760223,0.8827510625123978,spoof
spoof,0.11948245763778687,0.8805175423622131,spoof
spoof,0.6586900353431702,0.34130996465682983,bonafide
bonafide,0.7693517804145813,0.2306482195854187,bonafide
spoof,0.37913817167282104,0.620861828327179,spoof
spoof,0.7670899033546448,0.23291009664535522,bonafide
spoof,0.19667182862758636,0.8033281713724136,spoof
spoof,0.7777404189109802,0.22225958108901978,bonafide
spoof,0.47699958086013794,0.5230004191398621,spoof
spoof,0.050506774336099625,0.9494932256639004,spoof
spoof,0.12205639481544495,0.877943605184555,spoof
bonafide,0.6165528893470764,0.3834471106529236,bonafide
spoof,0.47699958086013794,0.5230004191398621,spoof
spoof,0.7612800598144531,0.23871994018554688,bonafide
spoof,0.10057362914085388,0.8994263708591461,spoof
spoof,0.1810707449913025,0.8189292550086975,spoof
spoof,0.040021613240242004,0.959978386759758,spoof
spoof,0.056299302726984024,0.943700697273016,spoof
spoof,0.5054996013641357,0.49450039863586426,spoof
spoof,0.47699958086013794,0.5230004191398621,spoof
spoof,0.47699958086013794,0.5230004191398621,spoof
spoof,0.05411801114678383,0.9458819888532162,spoof
spoof,0.0375581756234169,0.9624418243765831,spoof
bonafide,0.47699958086013794,0.5230004191398621,spoof
spoof,0.1601104587316513,0.8398895412683487,spoof
spoof,0.47699958086013794,0.5230004191398621,spoof
spoof,0.04263527691364288,0.9573647230863571,spoof
spoof,0.058514270931482315,0.9414857290685177,spoof
spoof,0.7698472142219543,0.23015278577804565,bonafide
bonafide,0.6686190962791443,0.3313809037208557,bonafide
bonafide,0.6942077279090881,0.30579227209091187,bonafide
spoof,0.09964019060134888,0.9003598093986511,spoof
spoof,0.47699958086013794,0.5230004191398621,spoof
spoof,0.029985126107931137,0.9700148738920689,spoof
spoof,0.08131399005651474,0.9186860099434853,spoof
spoof,0.05323677882552147,0.9467632211744785,spoof
spoof,0.47699958086013794,0.5230004191398621,spoof
spoof,0.734494686126709,0.265505313873291,bonafide
bonafide,0.7525689601898193,0.24743103981018066,bonafide
spoof,0.47699958086013794,0.5230004191398621,spoof
spoof,0.07300441712141037,0.9269955828785896,spoof
spoof,0.12929198145866394,0.8707080185413361,spoof
spoof,0.10589683055877686,0.8941031694412231,spoof
spoof,0.7055605053901672,0.29443949460983276,bonafide
spoof,0.790153980255127,0.20984601974487305,bonafide
spoof,0.47699958086013794,0.5230004191398621,spoof
spoof,0.47699958086013794,0.5230004191398621,spoof
spoof,0.0449196957051754,0.9550803042948246,spoof
spoof,0.034584105014801025,0.965415894985199,spoof
spoof,0.47699958086013794,0.5230004191398621,spoof
spoof,0.12694941461086273,0.8730505853891373,spoof
spoof,0.6923876404762268,0.3076123595237732,bonafide
spoof,0.47699958086013794,0.5230004191398621,spoof
spoof,0.27309831976890564,0.7269016802310944,spoof
spoof,0.6727982759475708,0.3272017240524292,bonafide
spoof,0.47699958086013794,0.5230004191398621,spoof
spoof,0.042166415601968765,0.9578335843980312,spoof
spoof,0.671438992023468,0.328561007976532,bonafide
spoof,0.7393949031829834,0.2606050968170166,bonafide
spoof,0.3288871645927429,0.6711128354072571,spoof
spoof,0.20565687119960785,0.7943431288003922,spoof
spoof,0.7090390920639038,0.2909609079360962,bonafide
spoof,0.6322925090789795,0.3677074909210205,bonafide
bonafide,0.6078539490699768,0.3921460509300232,bonafide
bonafide,0.5713182687759399,0.42868173122406006,bonafide
spoof,0.1657439023256302,0.8342560976743698,spoof
spoof,0.05079087242484093,0.9492091275751591,spoof
spoof,0.47699958086013794,0.5230004191398621,spoof
bonafide,0.47699958086013794,0.5230004191398621,spoof
bonafide,0.7725734710693359,0.22742652893066406,bonafide
spoof,0.0170371625572443,0.9829628374427557,spoof
spoof,0.5173109769821167,0.4826890230178833,spoof
spoof,0.0514872670173645,0.9485127329826355,spoof
spoof,0.06317169964313507,0.9368283003568649,spoof
bonafide,0.7138019800186157,0.2861980199813843,bonafide
spoof,0.47699958086013794,0.5230004191398621,spoof
bonafide,0.793513834476471,0.20648616552352905,bonafide
spoof,0.31406885385513306,0.6859311461448669,spoof
spoof,0.47699958086013794,0.5230004191398621,spoof
spoof,0.6838410496711731,0.3161589503288269,bonafide
spoof,0.03142033889889717,0.9685796611011028,spoof
spoof,0.04647847265005112,0.9535215273499489,spoof
spoof,0.7612444758415222,0.23875552415847778,bonafide
spoof,0.059883587062358856,0.9401164129376411,spoof
bonafide,0.7204108238220215,0.2795891761779785,bonafide
bonafide,0.7980945110321045,0.2019054889678955,bonafide
spoof,0.11758497357368469,0.8824150264263153,spoof
spoof,0.05044834315776825,0.9495516568422318,spoof
bonafide,0.7049071192741394,0.2950928807258606,bonafide
bonafide,0.7425862550735474,0.25741374492645264,bonafide
spoof,0.04185144230723381,0.9581485576927662,spoof
spoof,0.47699958086013794,0.5230004191398621,spoof
spoof,0.17535680532455444,0.8246431946754456,spoof
spoof,0.08317114412784576,0.9168288558721542,spoof
spoof,0.06851498782634735,0.9314850121736526,spoof
spoof,0.6016644835472107,0.3983355164527893,bonafide
bonafide,0.47699958086013794,0.5230004191398621,spoof
spoof,0.07217998802661896,0.927820011973381,spoof
spoof,0.18010900914669037,0.8198909908533096,spoof
spoof,0.47699958086013794,0.5230004191398621,spoof
spoof,0.5568186044692993,0.4431813955307007,bonafide
spoof,0.47699958086013794,0.5230004191398621,spoof
spoof,0.6736155152320862,0.3263844847679138,bonafide
spoof,0.4701198637485504,0.5298801362514496,spoof
spoof,0.47699958086013794,0.5230004191398621,spoof
spoof,0.7659494876861572,0.23405051231384277,bonafide
spoof,0.47699958086013794,0.5230004191398621,spoof
spoof,0.05969854071736336,0.9403014592826366,spoof
spoof,0.5045601725578308,0.4954398274421692,spoof
spoof,0.17193691432476044,0.8280630856752396,spoof
spoof,0.47699958086013794,0.5230004191398621,spoof
spoof,0.47699958086013794,0.5230004191398621,spoof
spoof,0.26967430114746094,0.7303256988525391,spoof
spoof,0.47699958086013794,0.5230004191398621,spoof
spoof,0.21063198149204254,0.7893680185079575,spoof
spoof,0.10552547127008438,0.8944745287299156,spoof
bonafide,0.7856543064117432,0.21434569358825684,bonafide
spoof,0.7370844483375549,0.26291555166244507,bonafide
spoof,0.053707197308540344,0.9462928026914597,spoof
spoof,0.6907153725624084,0.30928462743759155,bonafide
spoof,0.47699958086013794,0.5230004191398621,spoof
spoof,0.4695831537246704,0.5304168462753296,spoof
bonafide,0.47699958086013794,0.5230004191398621,spoof
spoof,0.7212623953819275,0.2787376046180725,bonafide
spoof,0.18687079846858978,0.8131292015314102,spoof
spoof,0.33068037033081055,0.6693196296691895,spoof
spoof,0.7187771201133728,0.2812228798866272,bonafide
spoof,0.10545893013477325,0.8945410698652267,spoof
spoof,0.7889301180839539,0.21106988191604614,bonafide
spoof,0.049264807254076004,0.950735192745924,spoof
spoof,0.2843811511993408,0.7156188488006592,spoof
spoof,0.7892375588417053,0.21076244115829468,bonafide
bonafide,0.7273654341697693,0.2726345658302307,bonafide
spoof,0.1716322898864746,0.8283677101135254,spoof
bonafide,0.6813099384307861,0.31869006156921387,bonafide
spoof,0.06871786713600159,0.9312821328639984,spoof
spoof,0.06337619572877884,0.9366238042712212,spoof
spoof,0.06574515253305435,0.9342548474669456,spoof
spoof,0.47699958086013794,0.5230004191398621,spoof
spoof,0.47699958086013794,0.5230004191398621,spoof
bonafide,0.7808646559715271,0.2191353440284729,bonafide
spoof,0.04227709025144577,0.9577229097485542,spoof
spoof,0.7570794820785522,0.24292051792144775,bonafide
spoof,0.10305377840995789,0.8969462215900421,spoof
spoof,0.12031228840351105,0.879687711596489,spoof
spoof,0.7404090166091919,0.2595909833908081,bonafide
spoof,0.47699958086013794,0.5230004191398621,spoof
bonafide,0.7822880744934082,0.2177119255065918,bonafide
spoof,0.47699958086013794,0.5230004191398621,spoof
spoof,0.04206071048974991,0.9579392895102501,spoof
spoof,0.47699958086013794,0.5230004191398621,spoof
spoof,0.47699958086013794,0.5230004191398621,spoof
bonafide,0.6942601203918457,0.3057398796081543,bonafide
bonafide,0.47699958086013794,0.5230004191398621,spoof
spoof,0.47699958086013794,0.5230004191398621,spoof
spoof,0.47699958086013794,0.5230004191398621,spoof
bonafide,0.47699958086013794,0.5230004191398621,spoof
spoof,0.05997650697827339,0.9400234930217266,spoof
spoof,0.784869372844696,0.21513062715530396,bonafide
spoof,0.6784968376159668,0.3215031623840332,bonafide
spoof,0.8054214715957642,0.19457852840423584,bonafide
bonafide,0.7977688312530518,0.20223116874694824,bonafide
spoof,0.5433522462844849,0.45664775371551514,spoof
spoof,0.20523910224437714,0.7947608977556229,spoof
spoof,0.28049659729003906,0.7195034027099609,spoof
spoof,0.47699958086013794,0.5230004191398621,spoof
spoof,0.12740465998649597,0.872595340013504,spoof
spoof,0.05963284149765968,0.9403671585023403,spoof
spoof,0.23688346147537231,0.7631165385246277,spoof
spoof,0.23412968218326569,0.7658703178167343,spoof
spoof,0.6950831413269043,0.3049168586730957,bonafide
spoof,0.5124489068984985,0.48755109310150146,spoof
spoof,0.14953160285949707,0.8504683971405029,spoof
spoof,0.060014255344867706,0.9399857446551323,spoof
bonafide,0.7832921147346497,0.21670788526535034,bonafide
spoof,0.06312546133995056,0.9368745386600494,spoof
bonafide,0.47699958086013794,0.5230004191398621,spoof
spoof,0.6577157974243164,0.3422842025756836,bonafide
spoof,0.7584415078163147,0.2415584921836853,bonafide
bonafide,0.6460372805595398,0.3539627194404602,bonafide
spoof,0.6382376551628113,0.3617623448371887,bonafide
spoof,0.7729352712631226,0.22706472873687744,bonafide
spoof,0.12217024713754654,0.8778297528624535,spoof
spoof,0.08309187740087509,0.9169081225991249,spoof
bonafide,0.7555146813392639,0.24448531866073608,bonafide
spoof,0.47699958086013794,0.5230004191398621,spoof
spoof,0.03346426784992218,0.9665357321500778,spoof
spoof,0.16558299958705902,0.834417000412941,spoof
spoof,0.47699958086013794,0.5230004191398621,spoof
spoof,0.12203042954206467,0.8779695704579353,spoof
spoof,0.07432936131954193,0.9256706386804581,spoof
bonafide,0.7096658945083618,0.2903341054916382,bonafide
spoof,0.6963896751403809,0.30361032485961914,bonafide
spoof,0.47699958086013794,0.5230004191398621,spoof
spoof,0.09512344747781754,0.9048765525221825,spoof
spoof,0.47699958086013794,0.5230004191398621,spoof
spoof,0.07778583467006683,0.9222141653299332,spoof
spoof,0.06778281927108765,0.9322171807289124,spoof
spoof,0.47699958086013794,0.5230004191398621,spoof
spoof,0.17117036879062653,0.8288296312093735,spoof
spoof,0.039873216301202774,0.9601267836987972,spoof
spoof,0.33982592821121216,0.6601740717887878,spoof
spoof,0.47699958086013794,0.5230004191398621,spoof
bonafide,0.6713486909866333,0.3286513090133667,bonafide
bonafide,0.7524108290672302,0.24758917093276978,bonafide
spoof,0.035337772220373154,0.9646622277796268,spoof
spoof,0.47699958086013794,0.5230004191398621,spoof
spoof,0.3325120806694031,0.6674879193305969,spoof
spoof,0.7629455924034119,0.23705440759658813,bonafide
spoof,0.47699958086013794,0.5230004191398621,spoof
bonafide,0.5856384038925171,0.4143615961074829,bonafide
spoof,0.033482518047094345,0.9665174819529057,spoof
spoof,0.11750557273626328,0.8824944272637367,spoof
spoof,0.7832666039466858,0.2167333960533142,bonafide
spoof,0.47699958086013794,0.5230004191398621,spoof
spoof,0.47699958086013794,0.5230004191398621,spoof
spoof,0.029307443648576736,0.9706925563514233,spoof
spoof,0.47699958086013794,0.5230004191398621,spoof
spoof,0.16342034935951233,0.8365796506404877,spoof
spoof,0.6253622174263,0.37463778257369995,bonafide
spoof,0.5549837350845337,0.4450162649154663,bonafide
spoof,0.024439062923192978,0.975560937076807,spoof
bonafide,0.47699958086013794,0.5230004191398621,spoof
spoof,0.6863217353820801,0.3136782646179199,bonafide
spoof,0.47699958086013794,0.5230004191398621,spoof
spoof,0.029682299122214317,0.9703177008777857,spoof
spoof,0.7260079383850098,0.27399206161499023,bonafide
bonafide,0.7383729815483093,0.2616270184516907,bonafide
spoof,0.04135912284255028,0.9586408771574497,spoof
bonafide,0.7704761028289795,0.2295238971710205,bonafide
spoof,0.06651239842176437,0.9334876015782356,spoof
spoof,0.47699958086013794,0.5230004191398621,spoof
spoof,0.040530454367399216,0.9594695456326008,spoof
spoof,0.47699958086013794,0.5230004191398621,spoof
spoof,0.04243459552526474,0.9575654044747353,spoof
spoof,0.049175553023815155,0.9508244469761848,spoof
spoof,0.6483577489852905,0.3516422510147095,bonafide
spoof,0.10885079205036163,0.8911492079496384,spoof
spoof,0.47699958086013794,0.5230004191398621,spoof
bonafide,0.7515674233436584,0.24843257665634155,bonafide
spoof,0.3100321590900421,0.6899678409099579,spoof
spoof,0.47699958086013794,0.5230004191398621,spoof
spoof,0.017697056755423546,0.9823029432445765,spoof
spoof,0.05540429800748825,0.9445957019925117,spoof
spoof,0.6386469006538391,0.3613530993461609,bonafide
bonafide,0.7148995399475098,0.28510046005249023,bonafide
spoof,0.12109591066837311,0.8789040893316269,spoof
spoof,0.1079365685582161,0.8920634314417839,spoof
spoof,0.04294100031256676,0.9570589996874332,spoof
spoof,0.08561881631612778,0.9143811836838722,spoof
spoof,0.7980689406394958,0.20193105936050415,bonafide
spoof,0.13151384890079498,0.868486151099205,spoof
spoof,0.47699958086013794,0.5230004191398621,spoof
spoof,0.5880995392799377,0.41190046072006226,bonafide
spoof,0.47699958086013794,0.5230004191398621,spoof
spoof,0.034410420805215836,0.9655895791947842,spoof
spoof,0.05937841534614563,0.9406215846538544,spoof
spoof,0.5873060822486877,0.41269391775131226,bonafide
spoof,0.06572173535823822,0.9342782646417618,spoof
spoof,0.7831226587295532,0.21687734127044678,bonafide
spoof,0.041668541729450226,0.9583314582705498,spoof
spoof,0.29494842886924744,0.7050515711307526,spoof
spoof,0.47699958086013794,0.5230004191398621,spoof
spoof,0.04077579453587532,0.9592242054641247,spoof
spoof,0.7619091868400574,0.23809081315994263,bonafide
spoof,0.7116389870643616,0.2883610129356384,bonafide
spoof,0.05800672620534897,0.941993273794651,spoof
bonafide,0.7476929426193237,0.25230705738067627,bonafide
spoof,0.47699958086013794,0.5230004191398621,spoof
spoof,0.02951059117913246,0.9704894088208675,spoof
bonafide,0.47699958086013794,0.5230004191398621,spoof
spoof,0.41725122928619385,0.5827487707138062,spoof
spoof,0.05235686153173447,0.9476431384682655,spoof
spoof,0.06345043331384659,0.9365495666861534,spoof
spoof,0.045801565051078796,0.9541984349489212,spoof
spoof,0.04090298339724541,0.9590970166027546,spoof
spoof,0.47699958086013794,0.5230004191398621,spoof
bonafide,0.7593014240264893,0.24069857597351074,bonafide
bonafide,0.7724014520645142,0.22759854793548584,bonafide
spoof,0.47699958086013794,0.5230004191398621,spoof
spoof,0.043239351361989975,0.95676064863801,spoof
spoof,0.049613501876592636,0.9503864981234074,spoof
spoof,0.03974137082695961,0.9602586291730404,spoof
spoof,0.06560064107179642,0.9343993589282036,spoof
spoof,0.7188604474067688,0.2811395525932312,bonafide
spoof,0.47699958086013794,0.5230004191398621,spoof
bonafide,0.47699958086013794,0.5230004191398621,spoof
spoof,0.06600849330425262,0.9339915066957474,spoof
bonafide,0.7408862709999084,0.25911372900009155,bonafide
spoof,0.20690812170505524,0.7930918782949448,spoof
spoof,0.09655509144067764,0.9034449085593224,spoof
spoof,0.715005099773407,0.284994900226593,bonafide
spoof,0.710368275642395,0.289631724357605,bonafide
spoof,0.5376228094100952,0.4623771905899048,spoof
spoof,0.08080514520406723,0.9191948547959328,spoof
spoof,0.47699958086013794,0.5230004191398621,spoof
spoof,0.6666683554649353,0.3333316445350647,bonafide
spoof,0.7824624180793762,0.21753758192062378,bonafide
spoof,0.47699958086013794,0.5230004191398621,spoof
spoof,0.47699958086013794,0.5230004191398621,spoof
spoof,0.07250693440437317,0.9274930655956268,spoof
spoof,0.47699958086013794,0.5230004191398621,spoof
spoof,0.056398723274469376,0.9436012767255306,spoof
spoof,0.47699958086013794,0.5230004191398621,spoof
spoof,0.04947369173169136,0.9505263082683086,spoof
spoof,0.08618827164173126,0.9138117283582687,spoof
spoof,0.47699958086013794,0.5230004191398621,spoof
spoof,0.4831784665584564,0.5168215334415436,spoof
spoof,0.47699958086013794,0.5230004191398621,spoof
spoof,0.04553681239485741,0.9544631876051426,spoof
spoof,0.7171927690505981,0.28280723094940186,bonafide
spoof,0.02860320173203945,0.9713967982679605,spoof
spoof,0.7636414766311646,0.23635852336883545,bonafide
spoof,0.47699958086013794,0.5230004191398621,spoof
spoof,0.45648086071014404,0.543519139289856,spoof
spoof,0.03975432738661766,0.9602456726133823,spoof
spoof,0.3758169412612915,0.6241830587387085,spoof
spoof,0.19282639026641846,0.8071736097335815,spoof
spoof,0.07862795889377594,0.9213720411062241,spoof
bonafide,0.47699958086013794,0.5230004191398621,spoof
spoof,0.32050687074661255,0.6794931292533875,spoof
spoof,0.06440781056880951,0.9355921894311905,spoof
bonafide,0.6730793118476868,0.32692068815231323,bonafide
spoof,0.05477462708950043,0.9452253729104996,spoof
spoof,0.47699958086013794,0.5230004191398621,spoof
spoof,0.14953836798667908,0.8504616320133209,spoof
spoof,0.47699958086013794,0.5230004191398621,spoof
spoof,0.47699958086013794,0.5230004191398621,spoof
spoof,0.47699958086013794,0.5230004191398621,spoof
bonafide,0.47699958086013794,0.5230004191398621,spoof
spoof,0.13159619271755219,0.8684038072824478,spoof
spoof,0.21935199201107025,0.7806480079889297,spoof
spoof,0.6711673140525818,0.3288326859474182,bonafide
spoof,0.47699958086013794,0.5230004191398621,spoof
spoof,0.06784483790397644,0.9321551620960236,spoof
spoof,0.14947588741779327,0.8505241125822067,spoof
spoof,0.08669985830783844,0.9133001416921616,spoof
spoof,0.6872074007987976,0.3127925992012024,bonafide
spoof,0.7291540503501892,0.2708459496498108,bonafide
spoof,0.7391632795333862,0.26083672046661377,bonafide
bonafide,0.7802727818489075,0.21972721815109253,bonafide
spoof,0.47699958086013794,0.5230004191398621,spoof
spoof,0.24302449822425842,0.7569755017757416,spoof
spoof,0.7900731563568115,0.20992684364318848,bonafide
spoof,0.27517515420913696,0.724824845790863,spoof
spoof,0.47699958086013794,0.5230004191398621,spoof
spoof,0.47699958086013794,0.5230004191398621,spoof
spoof,0.47699958086013794,0.5230004191398621,spoof
spoof,0.033824559301137924,0.9661754406988621,spoof
spoof,0.04737825319170952,0.9526217468082905,spoof
spoof,0.11931301653385162,0.8806869834661484,spoof
spoof,0.02252502180635929,0.9774749781936407,spoof
spoof,0.645354688167572,0.354645311832428,bonafide
spoof,0.47699958086013794,0.5230004191398621,spoof
spoof,0.44954949617385864,0.5504505038261414,spoof
spoof,0.16572384536266327,0.8342761546373367,spoof
spoof,0.20477379858493805,0.795226201415062,spoof
spoof,0.504505455493927,0.495494544506073,spoof
spoof,0.026989178732037544,0.9730108212679625,spoof
spoof,0.48987317085266113,0.5101268291473389,spoof
spoof,0.04889540746808052,0.9511045925319195,spoof
spoof,0.4990176260471344,0.5009823739528656,spoof
spoof,0.7385250926017761,0.2614749073982239,bonafide
bonafide,0.47699958086013794,0.5230004191398621,spoof
spoof,0.7401161193847656,0.2598838806152344,bonafide
spoof,0.47699958086013794,0.5230004191398621,spoof
spoof,0.47699958086013794,0.5230004191398621,spoof
spoof,0.08486609905958176,0.9151339009404182,spoof
spoof,0.47699958086013794,0.5230004191398621,spoof
spoof,0.7720915675163269,0.2279084324836731,bonafide
spoof,0.47699958086013794,0.5230004191398621,spoof
spoof,0.47699958086013794,0.5230004191398621,spoof
spoof,0.07631814479827881,0.9236818552017212,spoof
spoof,0.514815628528595,0.48518437147140503,spoof
spoof,0.13139474391937256,0.8686052560806274,spoof
spoof,0.052574604749679565,0.9474253952503204,spoof
spoof,0.47699958086013794,0.5230004191398621,spoof
spoof,0.6954633593559265,0.3045366406440735,bonafide
spoof,0.47699958086013794,0.5230004191398621,spoof
spoof,0.47699958086013794,0.5230004191398621,spoof
spoof,0.11599153280258179,0.8840084671974182,spoof
spoof,0.755266010761261,0.244733989238739,bonafide
spoof,0.05228840187191963,0.9477115981280804,spoof
spoof,0.47699958086013794,0.5230004191398621,spoof
spoof,0.13561366498470306,0.8643863350152969,spoof
spoof,0.0743456706404686,0.9256543293595314,spoof
spoof,0.36925292015075684,0.6307470798492432,spoof
spoof,0.6339622735977173,0.3660377264022827,bonafide
spoof,0.6803020238876343,0.3196979761123657,bonafide
spoof,0.07596299052238464,0.9240370094776154,spoof
spoof,0.06017609313130379,0.9398239068686962,spoof
spoof,0.7729284763336182,0.22707152366638184,bonafide
spoof,0.47699958086013794,0.5230004191398621,spoof
spoof,0.01991128735244274,0.9800887126475573,spoof
spoof,0.7402633428573608,0.25973665714263916,bonafide
spoof,0.47699958086013794,0.5230004191398621,spoof
spoof,0.24831873178482056,0.7516812682151794,spoof
spoof,0.045368075370788574,0.9546319246292114,spoof
spoof,0.2931431829929352,0.7068568170070648,spoof
spoof,0.13294123113155365,0.8670587688684464,spoof
spoof,0.5869917273521423,0.41300827264785767,bonafide
spoof,0.7632296085357666,0.2367703914642334,bonafide
spoof,0.7718014717102051,0.22819852828979492,bonafide
spoof,0.6336169838905334,0.36638301610946655,bonafide
spoof,0.47699958086013794,0.5230004191398621,spoof
spoof,0.06577087193727493,0.9342291280627251,spoof
spoof,0.47699958086013794,0.5230004191398621,spoof
bonafide,0.6194807887077332,0.38051921129226685,bonafide
spoof,0.022939221933484077,0.9770607780665159,spoof
spoof,0.47699958086013794,0.5230004191398621,spoof
spoof,0.47699958086013794,0.5230004191398621,spoof
spoof,0.47699958086013794,0.5230004191398621,spoof
bonafide,0.8056243658065796,0.1943756341934204,bonafide
spoof,0.5169997811317444,0.4830002188682556,spoof
spoof,0.0977729856967926,0.9022270143032074,spoof
spoof,0.13879217207431793,0.8612078279256821,spoof
spoof,0.042003653943538666,0.9579963460564613,spoof
spoof,0.033497970551252365,0.9665020294487476,spoof
spoof,0.04976202920079231,0.9502379707992077,spoof
spoof,0.09994672983884811,0.9000532701611519,spoof
spoof,0.47699958086013794,0.5230004191398621,spoof
bonafide,0.7720921039581299,0.22790789604187012,bonafide
spoof,0.47699958086013794,0.5230004191398621,spoof
spoof,0.05522040277719498,0.944779597222805,spoof
spoof,0.6755409240722656,0.3244590759277344,bonafide
spoof,0.07666093111038208,0.9233390688896179,spoof
spoof,0.7884445786476135,0.21155542135238647,bonafide
spoof,0.2814716100692749,0.7185283899307251,spoof
spoof,0.15762153267860413,0.8423784673213959,spoof
spoof,0.09425806999206543,0.9057419300079346,spoof
spoof,0.47699958086013794,0.5230004191398621,spoof
spoof,0.035365261137485504,0.9646347388625145,spoof
spoof,0.0342525877058506,0.9657474122941494,spoof
spoof,0.47699958086013794,0.5230004191398621,spoof
spoof,0.47699958086013794,0.5230004191398621,spoof
spoof,0.47699958086013794,0.5230004191398621,spoof
spoof,0.07306136935949326,0.9269386306405067,spoof
bonafide,0.5836399793624878,0.4163600206375122,bonafide
spoof,0.7486713528633118,0.25132864713668823,bonafide
spoof,0.08049790561199188,0.9195020943880081,spoof
spoof,0.14187175035476685,0.8581282496452332,spoof
spoof,0.47699958086013794,0.5230004191398621,spoof
spoof,0.7323104739189148,0.2676895260810852,bonafide
spoof,0.06547518819570541,0.9345248118042946,spoof
spoof,0.037130024284124374,0.9628699757158756,spoof
spoof,0.47699958086013794,0.5230004191398621,spoof
bonafide,0.47699958086013794,0.5230004191398621,spoof
spoof,0.05432454124093056,0.9456754587590694,spoof
spoof,0.47699958086013794,0.5230004191398621,spoof
spoof,0.10352543741464615,0.8964745625853539,spoof
spoof,0.698331356048584,0.301668643951416,bonafide
spoof,0.06421250849962234,0.9357874915003777,spoof
bonafide,0.7267037034034729,0.2732962965965271,bonafide
bonafide,0.7848435640335083,0.2151564359664917,bonafide
spoof,0.04037821292877197,0.959621787071228,spoof
spoof,0.06250685453414917,0.9374931454658508,spoof
spoof,0.09379570186138153,0.9062042981386185,spoof
bonafide,0.7427607774734497,0.2572392225265503,bonafide
bonafide,0.7046062350273132,0.29539376497268677,bonafide
spoof,0.11851557344198227,0.8814844265580177,spoof
spoof,0.13702917098999023,0.8629708290100098,spoof
spoof,0.13558095693588257,0.8644190430641174,spoof
spoof,0.7283611297607422,0.2716388702392578,bonafide
spoof,0.47699958086013794,0.5230004191398621,spoof
spoof,0.47699958086013794,0.5230004191398621,spoof
spoof,0.47699958086013794,0.5230004191398621,spoof
spoof,0.47699958086013794,0.5230004191398621,spoof
spoof,0.14924439787864685,0.8507556021213531,spoof
spoof,0.7309147715568542,0.26908522844314575,bonafide
spoof,0.09448449313640594,0.905515506863594,spoof
bonafide,0.47699958086013794,0.5230004191398621,spoof
bonafide,0.6393750309944153,0.3606249690055847,bonafide
spoof,0.028883857652544975,0.971116142347455,spoof
spoof,0.038133151829242706,0.9618668481707573,spoof
bonafide,0.7502758502960205,0.2497241497039795,bonafide
spoof,0.6121532320976257,0.38784676790237427,bonafide
spoof,0.47699958086013794,0.5230004191398621,spoof
spoof,0.7069185972213745,0.2930814027786255,bonafide
spoof,0.47699958086013794,0.5230004191398621,spoof
bonafide,0.7388438582420349,0.2611561417579651,bonafide
spoof,0.7106253504753113,0.2893746495246887,bonafide
bonafide,0.47699958086013794,0.5230004191398621,spoof
spoof,0.7686014175415039,0.2313985824584961,bonafide
bonafide,0.47699958086013794,0.5230004191398621,spoof
spoof,0.4658627510070801,0.5341372489929199,spoof
spoof,0.0638667494058609,0.9361332505941391,spoof
spoof,0.47699958086013794,0.5230004191398621,spoof
spoof,0.47699958086013794,0.5230004191398621,spoof
spoof,0.13300879299640656,0.8669912070035934,spoof
spoof,0.47699958086013794,0.5230004191398621,spoof
bonafide,0.7254511713981628,0.27454882860183716,bonafide
spoof,0.47699958086013794,0.5230004191398621,spoof
spoof,0.09271550923585892,0.9072844907641411,spoof
spoof,0.14835095405578613,0.8516490459442139,spoof
spoof,0.060447730123996735,0.9395522698760033,spoof
spoof,0.06493276357650757,0.9350672364234924,spoof
spoof,0.47699958086013794,0.5230004191398621,spoof
spoof,0.47699958086013794,0.5230004191398621,spoof
spoof,0.47699958086013794,0.5230004191398621,spoof
spoof,0.47699958086013794,0.5230004191398621,spoof
spoof,0.025953324511647224,0.9740466754883528,spoof
spoof,0.77428138256073,0.22571861743927002,bonafide
spoof,0.026486650109291077,0.9735133498907089,spoof
spoof,0.47699958086013794,0.5230004191398621,spoof
spoof,0.47699958086013794,0.5230004191398621,spoof
spoof,0.05068948119878769,0.9493105188012123,spoof
spoof,0.04084765166044235,0.9591523483395576,spoof
spoof,0.032226480543613434,0.9677735194563866,spoof
spoof,0.30525869131088257,0.6947413086891174,spoof
spoof,0.47699958086013794,0.5230004191398621,spoof
spoof,0.47699958086013794,0.5230004191398621,spoof
spoof,0.47699958086013794,0.5230004191398621,spoof
spoof,0.09918195009231567,0.9008180499076843,spoof
spoof,0.6751590371131897,0.3248409628868103,bonafide
spoof,0.47699958086013794,0.5230004191398621,spoof
bonafide,0.7811797261238098,0.21882027387619019,bonafide
spoof,0.47699958086013794,0.5230004191398621,spoof
spoof,0.13829666376113892,0.8617033362388611,spoof
bonafide,0.6750405430793762,0.3249594569206238,bonafide
spoof,0.08215993642807007,0.9178400635719299,spoof
spoof,0.0542193278670311,0.9457806721329689,spoof
spoof,0.47699958086013794,0.5230004191398621,spoof
bonafide,0.7112826108932495,0.2887173891067505,bonafide
spoof,0.47699958086013794,0.5230004191398621,spoof
bonafide,0.7197072505950928,0.2802927494049072,bonafide
spoof,0.47699958086013794,0.5230004191398621,spoof
spoof,0.7210584282875061,0.2789415717124939,bonafide
spoof,0.03634735196828842,0.9636526480317116,spoof
spoof,0.47699958086013794,0.5230004191398621,spoof
spoof,0.743689239025116,0.25631076097488403,bonafide
bonafide,0.7453378438949585,0.2546621561050415,bonafide
spoof,0.1369684934616089,0.8630315065383911,spoof
spoof,0.08963944017887115,0.9103605598211288,spoof
spoof,0.47699958086013794,0.5230004191398621,spoof
spoof,0.04886889085173607,0.9511311091482639,spoof
spoof,0.05037252977490425,0.9496274702250957,spoof
spoof,0.046121954917907715,0.9538780450820923,spoof
bonafide,0.47699958086013794,0.5230004191398621,spoof
spoof,0.47699958086013794,0.5230004191398621,spoof
spoof,0.47699958086013794,0.5230004191398621,spoof
spoof,0.44368505477905273,0.5563149452209473,spoof
spoof,0.6310580372810364,0.3689419627189636,bonafide
spoof,0.47699958086013794,0.5230004191398621,spoof
spoof,0.07844433933496475,0.9215556606650352,spoof
spoof,0.02295473963022232,0.9770452603697777,spoof
spoof,0.47699958086013794,0.5230004191398621,spoof
spoof,0.06401699781417847,0.9359830021858215,spoof
spoof,0.6171531081199646,0.3828468918800354,bonafide
spoof,0.02840600535273552,0.9715939946472645,spoof
spoof,0.7883742451667786,0.21162575483322144,bonafide
spoof,0.6440262198448181,0.3559737801551819,bonafide
spoof,0.6493464708328247,0.3506535291671753,bonafide
spoof,0.47699958086013794,0.5230004191398621,spoof
spoof,0.03956605866551399,0.960433941334486,spoof
spoof,0.35620927810668945,0.6437907218933105,spoof
spoof,0.7731921672821045,0.2268078327178955,bonafide
spoof,0.10127177089452744,0.8987282291054726,spoof
spoof,0.6187821626663208,0.3812178373336792,bonafide
spoof,0.036601919680833817,0.9633980803191662,spoof
spoof,0.7840158939361572,0.21598410606384277,bonafide
spoof,0.2502366900444031,0.7497633099555969,spoof
spoof,0.15419885516166687,0.8458011448383331,spoof
bonafide,0.47699958086013794,0.5230004191398621,spoof
spoof,0.05451169237494469,0.9454883076250553,spoof
spoof,0.7203463912010193,0.2796536087989807,bonafide
spoof,0.13242998719215393,0.8675700128078461,spoof
spoof,0.040043655782938004,0.959956344217062,spoof
spoof,0.11490175873041153,0.8850982412695885,spoof
bonafide,0.5894191265106201,0.4105808734893799,bonafide
spoof,0.7034673690795898,0.29653263092041016,bonafide
spoof,0.47699958086013794,0.5230004191398621,spoof
spoof,0.05602195858955383,0.9439780414104462,spoof
spoof,0.14081282913684845,0.8591871708631516,spoof
spoof,0.634758472442627,0.36524152755737305,bonafide
spoof,0.4712483882904053,0.5287516117095947,spoof
spoof,0.07038447260856628,0.9296155273914337,spoof
spoof,0.1222066581249237,0.8777933418750763,spoof
spoof,0.671607494354248,0.32839250564575195,bonafide
spoof,0.6103456616401672,0.38965433835983276,bonafide
spoof,0.573612630367279,0.42638736963272095,bonafide
spoof,0.5322240591049194,0.46777594089508057,spoof
spoof,0.15304723381996155,0.8469527661800385,spoof
spoof,0.7597885131835938,0.24021148681640625,bonafide
bonafide,0.6413961052894592,0.35860389471054077,bonafide
spoof,0.330554336309433,0.669445663690567,spoof
spoof,0.5460255742073059,0.4539744257926941,spoof
bonafide,0.7996600270271301,0.20033997297286987,bonafide
spoof,0.47699958086013794,0.5230004191398621,spoof
bonafide,0.47699958086013794,0.5230004191398621,spoof
spoof,0.47699958086013794,0.5230004191398621,spoof
spoof,0.06305330991744995,0.93694669008255,spoof
spoof,0.0656275674700737,0.9343724325299263,spoof
spoof,0.1024685651063919,0.8975314348936081,spoof
bonafide,0.8187965154647827,0.18120348453521729,bonafide
spoof,0.5641490817070007,0.43585091829299927,bonafide
bonafide,0.6633656024932861,0.33663439750671387,bonafide
spoof,0.47699958086013794,0.5230004191398621,spoof
bonafide,0.6326901912689209,0.3673098087310791,bonafide
bonafide,0.6272073984146118,0.3727926015853882,bonafide
spoof,0.47699958086013794,0.5230004191398621,spoof
spoof,0.0652269795536995,0.9347730204463005,spoof
spoof,0.47699958086013794,0.5230004191398621,spoof
bonafide,0.6808693408966064,0.31913065910339355,bonafide
